Workbook

Sheet README
A1: EV Phase-In Rate (EV PIR) – Excel Estimator
A3: How to use
A4: 1) Go to the Inputs sheet. 2) Enter your Service Class, metering type, charger counts/kW, and 12‑month energy (kWh). 3) Enter billing‑period peak demand (kW) and kWh by TOU bucket (On/Off/Super). 4) Review results on the Calc sheet.
A10: What this workbook estimates
A11: • Load Factor and EV PIR Tier (Tier 1–4) based on the guide’s tier thresholds. • The EV PIR replacement for the Delivery Demand line item: (reduced demand $/kW) + (TOU energy $/kWh). • A comparison to the standard demand charge using the sample standard $/kW from the guide. Notes: • The rate tables in this file are sample/illustrative (as of July 2025 in the guide) and update monthly on bills. • This workbook does NOT include other bill components (customer charge, surcharges, taxes, supply charges unless you enter a supply $/kWh).

Sheet Inputs
A1: Inputs (blue/yellow cells) – EV PIR Estimator
A3: General
A4: Service Class (National Grid NY) | B4: SC-3A Sec/Pri | D4: Pick from dropdown
A5: Metering | B5: Separately metered (EV only)
A6: Season for Billing Period | B6: Winter | D6: Summer = Jun–Sep
A7: Hours in 12‑month period (default 8,760) | B7: =24*365 -> 8760
A9: Charger Inventory
A10: Charger group | B10: Qty | C10: kW per charger | D10: Group kW
A11: DCFC HiPower Units - 8 Plugs | B11: 8 | C11: 320 | D11: =B11*C11 -> 2560
B12: 0 | C12: 0 | D12: =B12*C12 -> 0
B13: 0 | C13: 0 | D13: =B13*C13 -> 0
B14: 0 | C14: 0 | D14: =B14*C14 -> 0
B15: 0 | C15: 0 | D15: =B15*C15 -> 0
B16: 0 | C16: 0 | D16: =B16*C16 -> 0
B17: 0 | C17: 0 | D17: =B17*C17 -> 0
B18: 0 | C18: 0 | D18: =B18*C18 -> 0
B19: 0 | C19: 0 | D19: =B19*C19 -> 0
B20: 0 | C20: 0 | D20: =B20*C20 -> 0
C21: Total nameplate kW | D21: =SUM(D11:D20) -> 2560
A23: Load management limit (kW) (optional) | B23: 0 | C23: Effective EV max kW | D23: =IF(B23>0,MIN(D21,B23),D21) -> 2560
A25: 12‑Month Load Factor (for Tier assignment)
A26: Total EV kWh used in last 12 months | B26: =F37*F32*C11*365 -> 1868800
A27: Max demand reading in last 12 months (kW) (only if NOT separately metered) | B27: 0
A28: Denominator kW used for Load Factor | D28: =IF($B$5="Separately metered (EV only)",$D$23,$B$27) -> 2560
A29: Load Factor | D29: =IF(D28>0,$B$26/(D28*$B$7),0) -> 0.083333333
A30: EV PIR Tier | D30: =IF(D29=0,"",IF(D29<=0.1,"Tier 1",IF(D29<=0.15,"Tier 2",IF(D29<=0.2,"Tier 3",IF(D29<=0.25,"Tier 4","Standard (>25% LF)"))))) -> Tier 1
F31: 31 | G31: Days in Month
A32: Billing Period Inputs (for cost estimate) | F32: 2 | G32: Avg Daily Ports Used
A33: Billing period peak demand (kW) | B33: =F33*C11 -> 2560 | F33: 8 | G33: Peak Ports Used
A34: Billing period kWh – On‑Peak | B34: =F34*F32*F31*C11 -> 119040 | F34: 6 | G34: Hours Per Day
A35: Billing period kWh – Off‑Peak | B35: =F35*F32*F31*C11 -> 39680 | F35: 2 | G35: Hours Per Day
A36: Billing period kWh – Super‑Peak (Summer only) | B36: =F36*F32*F31*C11 -> 0 | F36: 0 | G36: Hours Per Day | K36: 30 | L36: Time per session (min)
A37: Optional Supply $/kWh (set 0 to ignore) | B37: 0.12 | F37: =F34+F35+F36 -> 8 | G37: Total Daily Hours in Use | H37: =F37*F32 -> 16 | I37: =B11*24 -> 192 | J37: =H37/I37 -> 0.083333333 | K37: =H37/(K36/60) -> 32 | L37: Avg # of sessions
A38: Total billing kWh | D38: =SUM($B$34:$B$36) -> 158720

Sheet Calc
A1: Results
A3: Tier & Load Factor
A4: Service Class | B4: =Inputs!B4 -> SC-3A Sec/Pri
A5: Metering | B5: =Inputs!B5 -> Separately metered (EV only)
A6: 12‑month Load Factor | B6: =Inputs!D29 -> 0.083333333
A7: EV PIR Tier (from Load Factor) | B7: =Inputs!D30 -> Tier 1
A8: Tier number (0=Standard) | B8: =IF(Inputs!D29<=0.1,1,IF(Inputs!D29<=0.15,2,IF(Inputs!D29<=0.2,3,IF(Inputs!D29<=0.25,4,0)))) -> 1
A10: Rate Lookup (from Rates sheet)
A11: EV PIR rate key | B11: =B4&"|"&B8 -> SC-3A Sec/Pri|1
A12: Demand rate ($/kW) | B12: =VLOOKUP(B11,Rates!$A$3:$G$100,4,FALSE) -> 0
A13: On‑Peak ($/kWh) | B13: =VLOOKUP(B11,Rates!$A$3:$G$100,5,FALSE) -> 0.04033
A14: Off‑Peak ($/kWh) | B14: =VLOOKUP(B11,Rates!$A$3:$G$100,6,FALSE) -> 0.02017
A15: Super‑Peak ($/kWh) | B15: =VLOOKUP(B11,Rates!$A$3:$G$100,7,FALSE) -> 0.0605
A16: Standard demand rate ($/kW) (Tier 0) | B16: =VLOOKUP(B4&"|0",Rates!$A$3:$G$100,4,FALSE) -> 14.07
A18: Billing Period Cost Estimate (Delivery demand line item)
A19: Season | B19: =Inputs!B6 -> Winter
A20: Peak demand (kW) | B20: =Inputs!B33 -> 2560
A21: On kWh | B21: =Inputs!B34 -> 119040
A22: Off kWh | B22: =Inputs!B35 -> 39680
A23: Super kWh (effective) | B23: =IF(B19="Winter",0,Inputs!B36) -> 0
A24: Total kWh | B24: =B21+B22+B23 -> 158720 | E24: Potential Monthly Earnings
E25: 0.5 | F25: per kWh
A26: EV PIR demand charge ($) | B26: =IF(B8=0,"",B20*B12) -> 0 | E26: =E25*Inputs!D38 -> 79360 | F26: Gross
A27: EV PIR TOU energy charge ($) | B27: =IF(B8=0,"",B21*B13 + B22*B14 + B23*B15) -> 5601.2288 | E27: =E26-B27-B36 -> 54712.371 | F27: Net
A28: EV PIR total ($) | B28: =IF(B8=0,"",B26+B27) -> 5601.2288
A30: EV PIR vs Standard (difference $) | B30: =IF(B8=0,"",16.99*B20) -> 43494.4
A31: EV PIR vs Standard (% difference) | B31: =IF(B8=0,"",B28-B30) -> -37893.171
B32: =IF(B8=0,"",B31/B30) -> -0.87121954
A34: Optional Supply Energy Cost
A35: Supply $/kWh | B35: =Inputs!B37 -> 0.12
A36: Supply cost ($) | B36: =B24*B35 -> 19046.4

Sheet Rates
A1: Sample EV PIR Rate Table (from guide; update monthly on bills)
A2: Key | B2: Service Class | C2: Tier | D2: Demand $/kW | E2: On $/kWh | F2: Off $/kWh | G2: Super $/kWh
A3: SC-2D|0 | B3: SC-2D | C3: 0 | D3: 16.99 | E3: 0 | F3: 0 | G3: 0
A4: SC-2D|1 | B4: SC-2D | C4: 1 | D4: 0 | E4: 0.0742 | F4: 0.0371 | G4: 0.11131
A5: SC-2D|2 | B5: SC-2D | C5: 2 | D5: 4.25 | E5: 0.05565 | F5: 0.02783 | G5: 0.08348
A6: SC-2D|3 | B6: SC-2D | C6: 3 | D6: 8.5 | E6: 0.0371 | F6: 0.01855 | G6: 0.05565
A7: SC-2D|4 | B7: SC-2D | C7: 4 | D7: 12.74 | E7: 0.01855 | F7: 0.00928 | G7: 0.02783
A8: SC-3 Secondary|0 | B8: SC-3 Secondary | C8: 0 | D8: 14.28 | E8: 0 | F8: 0 | G8: 0
A9: SC-3 Secondary|1 | B9: SC-3 Secondary | C9: 1 | D9: 0 | E9: 0.04805 | F9: 0.02403 | G9: 0.07208
A10: SC-3 Secondary|2 | B10: SC-3 Secondary | C10: 2 | D10: 3.57 | E10: 0.03604 | F10: 0.01802 | G10: 0.05406
A11: SC-3 Secondary|3 | B11: SC-3 Secondary | C11: 3 | D11: 7.14 | E11: 0.02403 | F11: 0.01201 | G11: 0.03604
A12: SC-3 Secondary|4 | B12: SC-3 Secondary | C12: 4 | D12: 10.71 | E12: 0.01201 | F12: 0.00601 | G12: 0.01802 | H12: =SUM(D12:G12) -> 10.74604
A13: SC-3 Primary|0 | B13: SC-3 Primary | C13: 0 | D13: 12.88 | E13: 0 | F13: 0 | G13: 0 | H13: =SUM(D13:G13) -> 12.88
A14: SC-3 Primary|1 | B14: SC-3 Primary | C14: 1 | D14: 0 | E14: 0.03984 | F14: 0.01992 | G14: 0.05976 | H14: =SUM(D14:G14) -> 0.11952
A15: SC-3 Primary|2 | B15: SC-3 Primary | C15: 2 | D15: 3.22 | E15: 0.02988 | F15: 0.01494 | G15: 0.04482 | H15: =SUM(D15:G15) -> 3.30964
A16: SC-3 Primary|3 | B16: SC-3 Primary | C16: 3 | D16: 6.44 | E16: 0.01992 | F16: 0.00996 | G16: 0.02988 | H16: =SUM(D16:G16) -> 6.49976
A17: SC-3 Primary|4 | B17: SC-3 Primary | C17: 4 | D17: 9.66 | E17: 0.00996 | F17: 0.00498 | G17: 0.01494 | H17: =SUM(D17:G17) -> 9.68988
A18: SC-3 SubT/Trans|0 | B18: SC-3 SubT/Trans | C18: 0 | D18: 4.07 | E18: 0 | F18: 0 | G18: 0 | H18: =SUM(D18:G18) -> 4.07
A19: SC-3 SubT/Trans|1 | B19: SC-3 SubT/Trans | C19: 1 | D19: 0 | E19: 0.01257 | F19: 0.00629 | G19: 0.01886 | H19: =SUM(D19:G19) -> 0.03772
A20: SC-3 SubT/Trans|2 | B20: SC-3 SubT/Trans | C20: 2 | D20: 1.02 | E20: 0.00943 | F20: 0.00472 | G20: 0.01415 | H20: =SUM(D20:G20) -> 1.0483
A21: SC-3 SubT/Trans|3 | B21: SC-3 SubT/Trans | C21: 3 | D21: 2.04 | E21: 0.00629 | F21: 0.00314 | G21: 0.00943 | H21: =SUM(D21:G21) -> 2.05886
A22: SC-3 SubT/Trans|4 | B22: SC-3 SubT/Trans | C22: 4 | D22: 3.05 | E22: 0.00314 | F22: 0.00157 | G22: 0.00472 | H22: =SUM(D22:G22) -> 3.05943
A23: SC-3A Sec/Pri|0 | B23: SC-3A Sec/Pri | C23: 0 | D23: 14.07 | E23: 0 | F23: 0 | G23: 0 | H23: =SUM(D23:G23) -> 14.07
... A37: SC-3A Trans|4 | B37: SC-3A Trans | C37: 4 | D37: 3.27 | E37: 0.00298 | F37: 0.00149 | G37: 0.00448 | H37: =SUM(D37:G37) -> 3.27895
